{"imu": {"global_mean": [0.20850956439971924, -0.8304571509361267, 0.03655898571014404, 0.14237871766090393, -0.1585686057806015, -0.761206328868866, 0.41143089532852173, -0.4032049775123596, 0.3146210312843323, 0.5291807651519775, 0.152700275182724, 0.47032272815704346, -0.36627665162086487, -0.38087689876556396, 0.36245065927505493, -0.5009835958480835, -0.9623132348060608, -0.4105503559112549, -0.03071334958076477, -0.5192348957061768, 0.4163134694099426, 0.481017142534256, -0.6164124608039856, -0.7791829109191895, 0.09984813630580902, -0.5198451280593872, -0.32645276188850403, 0.46317559480667114, -0.9412250518798828, -0.20698443055152893], "global_std": [0.2832869589328766, 0.14221978187561035, 0.11246322095394135, 12.35069751739502, 24.85816192626953, 18.672475814819336, 0.3049175441265106, 0.4131212532520294, 0.3503296673297882, 32.42316436767578, 59.984130859375, 41.869850158691406, 0.3665180504322052, 0.45746299624443054, 0.35820963978767395, 37.11000442504883, 64.90276336669922, 46.12484359741211, 0.12613078951835632, 0.2295076698064804, 0.24574296176433563, 19.3833065032959, 22.656538009643555, 11.34271240234375, 0.14951571822166443, 0.22138823568820953, 0.22870181500911713, 19.22138214111328, 24.032886505126953, 15.70333194732666]}, "wifi": {"global_mean": [4.600828647613525, 5.588839054107666, 5.991130828857422, 6.2282586097717285, 6.376989841461182, 6.439457416534424, 6.129658222198486, 6.25913667678833, 6.5718536376953125, 6.479584693908691, 6.57188081741333, 6.689335346221924, 6.456543445587158, 6.602011680603027, 6.42949914932251, 8.761192321777344, 6.77315092086792, 6.7437310218811035, 6.811611175537109, 6.720355033874512, 6.841846466064453, 6.817025184631348, 6.747579097747803, 6.880015850067139, 6.820916175842285, 6.850229263305664, 6.858180522918701, 6.379107475280762, 5.971173286437988, 5.332334995269775, 13.578516960144043, 16.295570373535156, 17.377065658569336, 18.24510383605957, 19.023820877075195, 19.495582580566406, 18.750102996826172, 19.209197998046875, 20.003759384155273, 19.199600219726562, 18.917081832885742, 18.563940048217773, 17.458532333374023, 17.56644630432129, 17.02607536315918, 23.051700592041016, 17.956018447875977, 18.094961166381836, 18.52265167236328, 18.463550567626953, 19.054655075073242, 19.09226417541504, 18.873138427734375, 19.105432510375977, 18.666671752929688, 18.530147552490234, 18.465173721313477, 17.036773681640625, 15.75671100616455, 13.910294532775879, 0.6295413970947266, 0.6632149815559387, 0.6727086901664734, 0.6862587332725525, 0.6876547932624817, 0.6986414790153503, 0.678987443447113, 0.6879532337188721, 0.6917228698730469, 0.6856605410575867, 0.6774953603744507, 0.67820143699646, 0.6658574342727661, 0.6713078022003174, 0.6703793406486511, 1.0688536167144775, 0.6746535897254944, 0.6622528433799744, 0.662411630153656, 0.6523367762565613, 0.6613638401031494, 0.6546940207481384, 0.6513248085975647, 0.6507194638252258, 0.6520135402679443, 0.652039647102356, 0.6520969271659851, 0.6408854126930237, 0.630692720413208, 0.6530389785766602, 13.068401336669922, 15.337445259094238, 16.36212921142578, 16.833200454711914, 17.18730926513672, 17.454072952270508, 17.159860610961914, 17.810829162597656, 18.607694625854492, 18.423690795898438, 18.446212768554688, 18.68559455871582, 18.24666976928711, 18.427310943603516, 17.94536018371582, 21.58584213256836, 17.880016326904297, 18.468461990356445, 18.791154861450195, 18.17681884765625, 18.505849838256836, 18.248441696166992, 18.49796485900879, 19.31215476989746, 19.062597274780273, 19.432044982910156, 20.194942474365234, 18.5603084564209, 17.89032745361328, 15.471784591674805, 9.846880912780762, 10.881692886352539, 10.979214668273926, 10.733531951904297, 10.59483814239502, 10.471940040588379, 10.02957534790039, 10.105947494506836, 10.223018646240234, 9.804900169372559, 9.574891090393066, 9.526922225952148, 9.045100212097168, 8.728774070739746, 8.246036529541016, 9.428805351257324, 7.605020999908447, 8.15608024597168, 8.882308006286621, 9.286593437194824, 10.200554847717285, 10.749574661254883, 11.347394943237305, 12.155287742614746, 12.254840850830078, 12.910748481750488, 13.870497703552246, 13.163715362548828, 12.871993064880371, 11.18325138092041, 8.960715293884277, 10.283220291137695, 10.692717552185059, 10.704437255859375, 10.709634780883789, 10.726483345031738, 10.431859016418457, 10.65476131439209, 10.882543563842773, 10.544782638549805, 10.3189697265625, 10.278563499450684, 9.90958023071289, 9.947471618652344, 9.696758270263672, 11.696516990661621, 9.7117338180542, 9.951315879821777, 10.018548965454102, 9.700363159179688, 10.062390327453613, 10.05312728881836, 10.163183212280273, 10.491064071655273, 10.239029884338379, 10.36212158203125, 10.680893898010254, 9.785533905029297, 9.446577072143555, 8.195457458496094, 10.066411972045898, 11.799530982971191, 12.801911354064941, 13.308297157287598, 13.686549186706543, 13.906405448913574, 13.591527938842773, 13.922333717346191, 14.332252502441406, 14.100052833557129, 14.105045318603516, 14.360469818115234, 14.092820167541504, 14.484824180603027, 14.332959175109863, 14.643370628356934, 14.500956535339355, 14.128432273864746, 14.266606330871582, 13.92159366607666, 14.312286376953125, 14.257083892822266, 14.575915336608887, 15.039934158325195, 14.883307456970215, 14.858790397644043, 14.838220596313477, 13.39094352722168, 12.453112602233887, 10.827173233032227, 11.623358726501465, 13.735203742980957, 14.967216491699219, 15.439552307128906, 15.621664047241211, 15.542675018310547, 14.995342254638672, 15.288233757019043, 15.676192283630371, 15.335023880004883, 15.103362083435059, 15.202974319458008, 14.748381614685059, 14.921137809753418, 14.61547565460205, 14.666895866394043, 14.21679401397705, 13.53004264831543, 13.362543106079102, 12.812431335449219, 13.06357479095459, 12.867145538330078, 13.062801361083984, 13.529220581054688, 13.758336067199707, 14.221240043640137, 14.725873947143555, 13.690109252929688, 12.993046760559082, 11.360977172851562, 10.556984901428223, 12.787240028381348, 14.137710571289062, 14.820629119873047, 15.305047035217285, 15.633200645446777, 15.349615097045898, 15.731572151184082, 16.027647018432617, 15.477189064025879, 15.055755615234375, 14.895167350769043, 14.224932670593262, 14.323760986328125, 14.092855453491211, 14.4158353805542, 14.48603630065918, 14.301523208618164, 14.545928955078125, 14.122601509094238, 14.222383499145508, 13.726630210876465, 13.475303649902344, 13.295557022094727, 12.816893577575684, 12.656454086303711, 12.687470436096191, 11.585190773010254, 10.890402793884277, 9.528411865234375],